timestamp,name,loc,duration,tag,rank
1736345209763.13,epoch_00_1000,none,5877.10,,0
1736345209763.43,wait_valid_batch,none,0.01,,0
1736345209764.06,batch_00_000_32,none,875.95,finish,0
1736345209764.07,global_batch_00_000_500,none,3298.15,finish,0
1736345210640.12,wait_valid_batch,none,0.01,,0
1736345210640.34,batch_00_001_32,none,165.51,finish,0
1736345210805.92,wait_valid_batch,none,0.01,,0
1736345210806.10,batch_00_002_32,none,162.96,finish,0
1736345210969.11,wait_valid_batch,none,0.00,,0
1736345210969.27,batch_00_003_32,none,162.88,finish,0
1736345211132.20,wait_valid_batch,none,0.00,,0
1736345211132.35,batch_00_004_32,none,162.93,finish,0
1736345211295.33,wait_valid_batch,none,0.00,,0
1736345211295.49,batch_00_005_32,none,162.91,finish,0
1736345211458.45,wait_valid_batch,none,0.00,,0
1736345211458.60,batch_00_006_32,none,162.96,finish,0
1736345211621.61,wait_valid_batch,none,0.00,,0
1736345211621.76,batch_00_007_32,none,162.94,finish,0
1736345211784.76,wait_valid_batch,none,0.00,,0
1736345211784.91,batch_00_008_32,none,162.95,finish,0
1736345211947.91,wait_valid_batch,none,0.00,,0
1736345211948.07,batch_00_009_32,none,162.94,finish,0
1736345212111.06,wait_valid_batch,none,0.00,,0
1736345212111.22,batch_00_010_32,none,162.99,finish,0
1736345212274.25,wait_valid_batch,none,0.01,,0
1736345212274.41,batch_00_011_32,none,162.96,finish,0
1736345212437.43,wait_valid_batch,none,0.00,,0
1736345212437.60,batch_00_012_32,none,163.07,finish,0
1736345212600.72,wait_valid_batch,none,0.00,,0
1736345212600.88,batch_00_013_32,none,162.93,finish,0
1736345212763.85,wait_valid_batch,none,0.00,,0
1736345212764.01,batch_00_014_32,none,162.97,finish,0
1736345212927.04,wait_valid_batch,none,0.01,,0
1736345212927.19,batch_00_015_20,none,135.02,finish,0
1736345213031.94,optimizer_step,none,19.14,,0
1736345213062.27,wait_valid_batch,none,0.00,,0
1736345213062.42,batch_00_016_32,none,159.53,finish,0
1736345213062.43,global_batch_00_016_500,none,2577.76,finish,0
1736345213222.01,wait_valid_batch,none,0.00,,0
1736345213222.16,batch_00_017_32,none,162.92,finish,0
1736345213385.13,wait_valid_batch,none,0.01,,0
1736345213385.27,batch_00_018_32,none,162.83,finish,0
1736345213548.16,wait_valid_batch,none,0.00,,0
1736345213548.30,batch_00_019_32,none,162.89,finish,0
1736345213711.24,wait_valid_batch,none,0.00,,0
1736345213711.39,batch_00_020_32,none,162.88,finish,0
1736345213874.32,wait_valid_batch,none,0.00,,0
1736345213874.47,batch_00_021_32,none,162.93,finish,0
1736345214037.44,wait_valid_batch,none,0.00,,0
1736345214037.59,batch_00_022_32,none,162.93,finish,0
1736345214200.57,wait_valid_batch,none,0.00,,0
1736345214200.72,batch_00_023_32,none,162.92,finish,0
1736345214363.68,wait_valid_batch,none,0.00,,0
1736345214363.83,batch_00_024_32,none,162.88,finish,0
1736345214526.76,wait_valid_batch,none,0.00,,0
1736345214526.90,batch_00_025_32,none,162.92,finish,0
1736345214689.87,wait_valid_batch,none,0.00,,0
1736345214690.02,batch_00_026_32,none,162.87,finish,0
1736345214852.94,wait_valid_batch,none,0.00,,0
1736345214853.10,batch_00_027_32,none,162.95,finish,0
1736345215016.10,wait_valid_batch,none,0.00,,0
1736345215016.25,batch_00_028_32,none,162.86,finish,0
1736345215179.16,wait_valid_batch,none,0.00,,0
1736345215179.31,batch_00_029_32,none,162.89,finish,0
1736345215342.24,wait_valid_batch,none,0.01,,0
1736345215342.39,batch_00_030_32,none,162.86,finish,0
1736345215505.29,wait_valid_batch,none,0.01,,0
1736345215505.46,batch_00_031_20,none,134.71,finish,0
1736345215610.49,optimizer_step,none,18.93,,0
1736345215640.28,epoch_01_1000,none,5156.01,,0
1736345215640.37,wait_valid_batch,none,0.00,,0
1736345215640.53,batch_01_000_32,none,159.47,finish,0
1736345215640.54,global_batch_01_000_500,none,2577.83,finish,0
1736345215800.05,wait_valid_batch,none,0.00,,0
1736345215800.20,batch_01_001_32,none,162.91,finish,0
1736345215963.16,wait_valid_batch,none,0.00,,0
1736345215963.31,batch_01_002_32,none,162.91,finish,0
1736345216126.26,wait_valid_batch,none,0.00,,0
1736345216126.41,batch_01_003_32,none,162.84,finish,0
1736345216289.30,wait_valid_batch,none,0.00,,0
1736345216289.44,batch_01_004_32,none,162.93,finish,0
1736345216452.42,wait_valid_batch,none,0.00,,0
1736345216452.56,batch_01_005_32,none,162.87,finish,0
1736345216615.49,wait_valid_batch,none,0.00,,0
1736345216615.64,batch_01_006_32,none,162.94,finish,0
1736345216778.62,wait_valid_batch,none,0.00,,0
1736345216778.77,batch_01_007_32,none,162.85,finish,0
1736345216941.67,wait_valid_batch,none,0.00,,0
1736345216941.82,batch_01_008_32,none,162.99,finish,0
1736345217104.86,wait_valid_batch,none,0.00,,0
1736345217105.01,batch_01_009_32,none,162.90,finish,0
1736345217267.97,wait_valid_batch,none,0.00,,0
1736345217268.12,batch_01_010_32,none,162.99,finish,0
1736345217431.16,wait_valid_batch,none,0.00,,0
1736345217431.30,batch_01_011_32,none,162.88,finish,0
1736345217594.23,wait_valid_batch,none,0.00,,0
1736345217594.38,batch_01_012_32,none,162.92,finish,0
1736345217757.34,wait_valid_batch,none,0.00,,0
1736345217757.49,batch_01_013_32,none,162.90,finish,0
1736345217920.44,wait_valid_batch,none,0.00,,0
1736345217920.58,batch_01_014_32,none,162.93,finish,0
1736345218083.56,wait_valid_batch,none,0.00,,0
1736345218083.72,batch_01_015_20,none,134.63,finish,0
1736345218188.00,optimizer_step,none,19.86,,0
1736345218218.41,wait_valid_batch,none,0.00,,0
1736345218218.57,batch_01_016_32,none,159.43,finish,0
1736345218218.58,global_batch_01_016_500,none,2577.67,finish,0
1736345218378.05,wait_valid_batch,none,0.00,,0
1736345218378.20,batch_01_017_32,none,163.00,finish,0
1736345218541.26,wait_valid_batch,none,0.00,,0
1736345218541.40,batch_01_018_32,none,162.84,finish,0
1736345218704.29,wait_valid_batch,none,0.00,,0
1736345218704.44,batch_01_019_32,none,162.85,finish,0
1736345218867.34,wait_valid_batch,none,0.00,,0
1736345218867.49,batch_01_020_32,none,162.83,finish,0
1736345219030.37,wait_valid_batch,none,0.00,,0
1736345219030.52,batch_01_021_32,none,162.91,finish,0
1736345219193.47,wait_valid_batch,none,0.00,,0
1736345219193.62,batch_01_022_32,none,162.86,finish,0
1736345219356.53,wait_valid_batch,none,0.00,,0
1736345219356.68,batch_01_023_32,none,162.97,finish,0
1736345219519.69,wait_valid_batch,none,0.00,,0
1736345219519.84,batch_01_024_32,none,162.88,finish,0
1736345219682.76,wait_valid_batch,none,0.00,,0
1736345219682.91,batch_01_025_32,none,162.92,finish,0
1736345219845.88,wait_valid_batch,none,0.00,,0
1736345219846.04,batch_01_026_32,none,162.86,finish,0
1736345220008.95,wait_valid_batch,none,0.00,,0
1736345220009.10,batch_01_027_32,none,163.04,finish,0
1736345220172.19,wait_valid_batch,none,0.00,,0
1736345220172.34,batch_01_028_32,none,162.85,finish,0
1736345220335.24,wait_valid_batch,none,0.00,,0
1736345220335.39,batch_01_029_32,none,162.93,finish,0
1736345220498.37,wait_valid_batch,none,0.00,,0
1736345220498.51,batch_01_030_32,none,162.90,finish,0
1736345220661.46,wait_valid_batch,none,0.00,,0
1736345220661.61,batch_01_031_20,none,134.62,finish,0
1736345220765.88,optimizer_step,none,19.54,,0
1736345220796.34,epoch_02_1000,none,5156.74,,0
1736345220796.42,wait_valid_batch,none,0.00,,0
1736345220796.58,batch_02_000_32,none,159.41,finish,0
1736345220796.58,global_batch_02_000_500,none,2577.86,finish,0
1736345220956.04,wait_valid_batch,none,0.00,,0
1736345220956.19,batch_02_001_32,none,162.81,finish,0
1736345221119.04,wait_valid_batch,none,0.00,,0
1736345221119.19,batch_02_002_32,none,162.84,finish,0
1736345221282.07,wait_valid_batch,none,0.00,,0
1736345221282.22,batch_02_003_32,none,162.84,finish,0
1736345221445.10,wait_valid_batch,none,0.22,,0
1736345221445.48,batch_02_004_32,none,162.90,finish,0
1736345221608.43,wait_valid_batch,none,0.00,,0
1736345221608.57,batch_02_005_32,none,162.89,finish,0
1736345221771.51,wait_valid_batch,none,0.00,,0
1736345221771.66,batch_02_006_32,none,162.91,finish,0
1736345221934.62,wait_valid_batch,none,0.00,,0
1736345221934.77,batch_02_007_32,none,162.90,finish,0
1736345222097.72,wait_valid_batch,none,0.00,,0
1736345222097.86,batch_02_008_32,none,162.93,finish,0
1736345222260.84,wait_valid_batch,none,0.00,,0
1736345222261.00,batch_02_009_32,none,162.88,finish,0
1736345222423.94,wait_valid_batch,none,0.00,,0
1736345222424.09,batch_02_010_32,none,162.98,finish,0
1736345222587.12,wait_valid_batch,none,0.00,,0
1736345222587.27,batch_02_011_32,none,162.94,finish,0
1736345222750.26,wait_valid_batch,none,0.00,,0
1736345222750.41,batch_02_012_32,none,162.90,finish,0
1736345222913.35,wait_valid_batch,none,0.00,,0
1736345222913.50,batch_02_013_32,none,162.85,finish,0
1736345223076.41,wait_valid_batch,none,0.00,,0
1736345223076.55,batch_02_014_32,none,162.90,finish,0
1736345223239.50,wait_valid_batch,none,0.00,,0
1736345223239.66,batch_02_015_20,none,134.76,finish,0
1736345223344.34,optimizer_step,none,19.29,,0
1736345223374.48,wait_valid_batch,none,0.00,,0
1736345223374.64,batch_02_016_32,none,159.57,finish,0
1736345223374.65,global_batch_02_016_500,none,2578.38,finish,0
1736345223534.26,wait_valid_batch,none,0.00,,0
1736345223534.41,batch_02_017_32,none,162.90,finish,0
1736345223697.36,wait_valid_batch,none,0.00,,0
1736345223697.51,batch_02_018_32,none,162.88,finish,0
1736345223860.43,wait_valid_batch,none,0.00,,0
1736345223860.58,batch_02_019_32,none,162.98,finish,0
1736345224023.60,wait_valid_batch,none,0.00,,0
1736345224023.75,batch_02_020_32,none,162.92,finish,0
1736345224186.72,wait_valid_batch,none,0.00,,0
1736345224186.87,batch_02_021_32,none,162.96,finish,0
1736345224349.88,wait_valid_batch,none,0.00,,0
1736345224350.04,batch_02_022_32,none,162.95,finish,0
1736345224513.03,wait_valid_batch,none,0.00,,0
1736345224513.18,batch_02_023_32,none,162.92,finish,0
1736345224676.16,wait_valid_batch,none,0.00,,0
1736345224676.30,batch_02_024_32,none,162.97,finish,0
1736345224839.32,wait_valid_batch,none,0.00,,0
1736345224839.47,batch_02_025_32,none,162.94,finish,0
1736345225002.46,wait_valid_batch,none,0.00,,0
1736345225002.61,batch_02_026_32,none,162.93,finish,0
1736345225165.59,wait_valid_batch,none,0.00,,0
1736345225165.73,batch_02_027_32,none,163.00,finish,0
1736345225328.78,wait_valid_batch,none,0.00,,0
1736345225328.93,batch_02_028_32,none,162.93,finish,0
1736345225491.91,wait_valid_batch,none,0.01,,0
1736345225492.06,batch_02_029_32,none,162.94,finish,0
1736345225655.05,wait_valid_batch,none,0.00,,0
1736345225655.20,batch_02_030_32,none,162.87,finish,0
1736345225818.12,wait_valid_batch,none,0.00,,0
1736345225818.28,batch_02_031_20,none,134.74,finish,0
1736345225922.78,optimizer_step,none,19.48,,0
1736345225953.12,epoch_03_1000,none,5166.02,,0
1736345225953.19,wait_valid_batch,none,0.00,,0
1736345225953.35,batch_03_000_32,none,159.54,finish,0
1736345225953.36,global_batch_03_000_500,none,2579.11,finish,0
1736345226112.94,wait_valid_batch,none,0.00,,0
1736345226113.10,batch_03_001_32,none,162.89,finish,0
1736345226276.04,wait_valid_batch,none,0.00,,0
1736345226276.19,batch_03_002_32,none,162.92,finish,0
1736345226439.15,wait_valid_batch,none,0.00,,0
1736345226439.30,batch_03_003_32,none,162.95,finish,0
1736345226602.30,wait_valid_batch,none,0.00,,0
1736345226602.44,batch_03_004_32,none,162.91,finish,0
1736345226765.40,wait_valid_batch,none,0.00,,0
1736345226765.55,batch_03_005_32,none,162.98,finish,0
1736345226928.58,wait_valid_batch,none,0.00,,0
1736345226928.73,batch_03_006_32,none,162.93,finish,0
1736345227091.71,wait_valid_batch,none,0.00,,0
1736345227091.85,batch_03_007_32,none,162.92,finish,0
1736345227254.82,wait_valid_batch,none,0.00,,0
1736345227254.98,batch_03_008_32,none,162.99,finish,0
1736345227418.01,wait_valid_batch,none,0.00,,0
1736345227418.16,batch_03_009_32,none,162.94,finish,0
1736345227581.15,wait_valid_batch,none,0.00,,0
1736345227581.30,batch_03_010_32,none,162.98,finish,0
1736345227744.33,wait_valid_batch,none,0.00,,0
1736345227744.48,batch_03_011_32,none,163.01,finish,0
1736345227907.54,wait_valid_batch,none,0.00,,0
1736345227907.69,batch_03_012_32,none,163.00,finish,0
1736345228070.74,wait_valid_batch,none,0.00,,0
1736345228070.89,batch_03_013_32,none,162.89,finish,0
1736345228233.83,wait_valid_batch,none,0.00,,0
1736345228233.98,batch_03_014_32,none,162.97,finish,0
1736345228397.01,wait_valid_batch,none,0.00,,0
1736345228397.18,batch_03_015_20,none,135.27,finish,0
1736345228502.08,optimizer_step,none,19.59,,0
1736345228532.51,wait_valid_batch,none,0.00,,0
1736345228532.69,batch_03_016_32,none,159.59,finish,0
1736345228532.69,global_batch_03_016_500,none,2586.40,finish,0
1736345228692.32,wait_valid_batch,none,0.00,,0
1736345228692.47,batch_03_017_32,none,162.97,finish,0
1736345228855.49,wait_valid_batch,none,0.00,,0
1736345228855.64,batch_03_018_32,none,162.95,finish,0
1736345229018.64,wait_valid_batch,none,0.00,,0
1736345229018.78,batch_03_019_32,none,163.03,finish,0
1736345229181.87,wait_valid_batch,none,0.00,,0
1736345229182.02,batch_03_020_32,none,162.92,finish,0
1736345229344.99,wait_valid_batch,none,0.00,,0
1736345229345.14,batch_03_021_32,none,165.42,finish,0
1736345229510.68,wait_valid_batch,none,0.01,,0
1736345229510.93,batch_03_022_32,none,165.26,finish,0
1736345229676.28,wait_valid_batch,none,0.01,,0
1736345229676.48,batch_03_023_32,none,163.53,finish,0
1736345229840.08,wait_valid_batch,none,0.01,,0
1736345229840.25,batch_03_024_32,none,163.10,finish,0
1736345230003.41,wait_valid_batch,none,0.00,,0
1736345230003.57,batch_03_025_32,none,163.09,finish,0
1736345230166.72,wait_valid_batch,none,0.01,,0
1736345230166.87,batch_03_026_32,none,162.98,finish,0
1736345230329.90,wait_valid_batch,none,0.00,,0
1736345230330.06,batch_03_027_32,none,162.98,finish,0
1736345230493.09,wait_valid_batch,none,0.00,,0
1736345230493.24,batch_03_028_32,none,162.90,finish,0
1736345230656.19,wait_valid_batch,none,0.00,,0
1736345230656.34,batch_03_029_32,none,163.53,finish,0
1736345230819.97,wait_valid_batch,none,0.01,,0
1736345230820.15,batch_03_030_32,none,163.49,finish,0
1736345230983.70,wait_valid_batch,none,0.01,,0
1736345230983.87,batch_03_031_20,none,135.19,finish,0
1736345231088.70,optimizer_step,none,19.72,,0
1736345231119.19,epoch_04_1000,none,5159.61,,0
1736345231119.27,wait_valid_batch,none,0.00,,0
1736345231119.44,batch_04_000_32,none,159.59,finish,0
1736345231119.44,global_batch_04_000_500,none,2580.14,finish,0
1736345231279.07,wait_valid_batch,none,0.00,,0
1736345231279.23,batch_04_001_32,none,162.99,finish,0
1736345231442.26,wait_valid_batch,none,0.00,,0
1736345231442.41,batch_04_002_32,none,163.00,finish,0
1736345231605.52,wait_valid_batch,none,0.01,,0
1736345231605.70,batch_04_003_32,none,163.12,finish,0
1736345231768.86,wait_valid_batch,none,0.00,,0
1736345231769.01,batch_04_004_32,none,162.94,finish,0
1736345231932.00,wait_valid_batch,none,0.00,,0
1736345231932.15,batch_04_005_32,none,162.99,finish,0
1736345232095.18,wait_valid_batch,none,0.00,,0
1736345232095.33,batch_04_006_32,none,162.88,finish,0
1736345232258.27,wait_valid_batch,none,0.00,,0
1736345232258.42,batch_04_007_32,none,162.95,finish,0
1736345232421.44,wait_valid_batch,none,0.01,,0
1736345232421.60,batch_04_008_32,none,163.27,finish,0
1736345232584.93,wait_valid_batch,none,0.00,,0
1736345232585.09,batch_04_009_32,none,163.04,finish,0
1736345232748.18,wait_valid_batch,none,0.00,,0
1736345232748.34,batch_04_010_32,none,163.01,finish,0
1736345232911.41,wait_valid_batch,none,0.00,,0
1736345232911.55,batch_04_011_32,none,162.96,finish,0
1736345233074.57,wait_valid_batch,none,0.00,,0
1736345233074.71,batch_04_012_32,none,162.99,finish,0
1736345233237.75,wait_valid_batch,none,0.00,,0
1736345233237.90,batch_04_013_32,none,163.12,finish,0
1736345233401.10,wait_valid_batch,none,0.00,,0
1736345233401.26,batch_04_014_32,none,163.11,finish,0
1736345233564.41,wait_valid_batch,none,0.01,,0
1736345233564.57,batch_04_015_20,none,134.99,finish,0
1736345233669.08,optimizer_step,none,19.81,,0
1736345233699.63,wait_valid_batch,none,0.00,,0
1736345233699.80,batch_04_016_32,none,159.57,finish,0
1736345233699.80,global_batch_04_016_500,none,2578.94,finish,0
1736345233859.42,wait_valid_batch,none,0.00,,0
1736345233859.57,batch_04_017_32,none,162.99,finish,0
1736345234022.60,wait_valid_batch,none,0.00,,0
1736345234022.75,batch_04_018_32,none,162.97,finish,0
1736345234185.77,wait_valid_batch,none,0.00,,0
1736345234185.92,batch_04_019_32,none,162.96,finish,0
1736345234348.92,wait_valid_batch,none,0.00,,0
1736345234349.08,batch_04_020_32,none,162.96,finish,0
1736345234512.08,wait_valid_batch,none,0.00,,0
1736345234512.22,batch_04_021_32,none,162.94,finish,0
1736345234675.21,wait_valid_batch,none,0.00,,0
1736345234675.36,batch_04_022_32,none,162.91,finish,0
1736345234838.32,wait_valid_batch,none,0.00,,0
1736345234838.47,batch_04_023_32,none,163.06,finish,0
1736345235001.59,wait_valid_batch,none,0.00,,0
1736345235001.74,batch_04_024_32,none,163.00,finish,0
1736345235164.78,wait_valid_batch,none,0.00,,0
1736345235164.93,batch_04_025_32,none,163.05,finish,0
1736345235328.07,wait_valid_batch,none,0.01,,0
1736345235328.24,batch_04_026_32,none,162.99,finish,0
1736345235491.27,wait_valid_batch,none,0.00,,0
1736345235491.42,batch_04_027_32,none,162.96,finish,0
1736345235654.43,wait_valid_batch,none,0.00,,0
1736345235654.58,batch_04_028_32,none,162.95,finish,0
1736345235817.58,wait_valid_batch,none,0.00,,0
1736345235817.73,batch_04_029_32,none,162.94,finish,0
1736345235980.72,wait_valid_batch,none,0.00,,0
1736345235980.86,batch_04_030_32,none,162.99,finish,0
1736345236143.91,wait_valid_batch,none,0.00,,0
1736345236144.07,batch_04_031_20,none,134.65,finish,0
1736345236248.27,optimizer_step,none,19.67,,0
1736345236278.88,epoch_05_1000,none,5179.76,,0
1736345236279.01,wait_valid_batch,none,0.00,,0
1736345236279.17,batch_05_000_32,none,159.58,finish,0
1736345236279.18,global_batch_05_000_500,none,2594.02,finish,0
1736345236438.80,wait_valid_batch,none,0.00,,0
1736345236438.95,batch_05_001_32,none,162.89,finish,0
1736345236601.89,wait_valid_batch,none,0.00,,0
1736345236602.05,batch_05_002_32,none,163.00,finish,0
1736345236765.09,wait_valid_batch,none,0.00,,0
1736345236765.23,batch_05_003_32,none,162.88,finish,0
1736345236928.16,wait_valid_batch,none,0.00,,0
1736345236928.31,batch_05_004_32,none,162.92,finish,0
1736345237091.29,wait_valid_batch,none,0.00,,0
1736345237091.43,batch_05_005_32,none,162.95,finish,0
1736345237254.43,wait_valid_batch,none,0.00,,0
1736345237254.58,batch_05_006_32,none,163.39,finish,0
1736345237418.02,wait_valid_batch,none,0.00,,0
1736345237418.17,batch_05_007_32,none,162.92,finish,0
1736345237581.14,wait_valid_batch,none,0.00,,0
1736345237581.29,batch_05_008_32,none,163.03,finish,0
1736345237744.37,wait_valid_batch,none,0.00,,0
1736345237744.52,batch_05_009_32,none,163.00,finish,0
1736345237907.57,wait_valid_batch,none,0.00,,0
1736345237907.72,batch_05_010_32,none,164.22,finish,0
1736345238072.06,wait_valid_batch,none,0.01,,0
1736345238072.28,batch_05_011_32,none,165.25,finish,0
1736345238237.65,wait_valid_batch,none,0.01,,0
1736345238237.86,batch_05_012_32,none,165.39,finish,0
1736345238403.36,wait_valid_batch,none,0.01,,0
1736345238403.58,batch_05_013_32,none,165.25,finish,0
1736345238568.94,wait_valid_batch,none,0.01,,0
1736345238569.16,batch_05_014_32,none,165.51,finish,0
1736345238734.79,wait_valid_batch,none,0.01,,0
1736345238735.03,batch_05_015_20,none,138.14,finish,0
1736345238844.30,optimizer_step,none,18.38,,0
1736345238873.26,wait_valid_batch,none,0.01,,0
1736345238873.49,batch_05_016_32,none,161.67,finish,0
1736345238873.50,global_batch_05_016_500,none,2585.08,finish,0
1736345239035.25,wait_valid_batch,none,0.01,,0
1736345239035.45,batch_05_017_32,none,163.62,finish,0
1736345239199.14,wait_valid_batch,none,0.01,,0
1736345239199.29,batch_05_018_32,none,164.28,finish,0
1736345239363.63,wait_valid_batch,none,0.00,,0
1736345239363.78,batch_05_019_32,none,163.12,finish,0
1736345239526.95,wait_valid_batch,none,0.01,,0
1736345239527.10,batch_05_020_32,none,163.03,finish,0
1736345239690.19,wait_valid_batch,none,0.00,,0
1736345239690.34,batch_05_021_32,none,163.60,finish,0
1736345239854.02,wait_valid_batch,none,0.01,,0
1736345239854.20,batch_05_022_32,none,163.40,finish,0
1736345240017.67,wait_valid_batch,none,0.01,,0
1736345240017.83,batch_05_023_32,none,163.42,finish,0
1736345240181.30,wait_valid_batch,none,0.00,,0
1736345240181.45,batch_05_024_32,none,163.16,finish,0
1736345240344.67,wait_valid_batch,none,0.00,,0
1736345240344.81,batch_05_025_32,none,163.03,finish,0
1736345240507.89,wait_valid_batch,none,0.00,,0
1736345240508.04,batch_05_026_32,none,162.96,finish,0
1736345240671.06,wait_valid_batch,none,0.00,,0
1736345240671.21,batch_05_027_32,none,162.93,finish,0
1736345240834.19,wait_valid_batch,none,0.00,,0
1736345240834.34,batch_05_028_32,none,162.96,finish,0
1736345240997.34,wait_valid_batch,none,0.00,,0
1736345240997.49,batch_05_029_32,none,162.96,finish,0
1736345241160.50,wait_valid_batch,none,0.00,,0
1736345241160.64,batch_05_030_32,none,162.99,finish,0
1736345241323.68,wait_valid_batch,none,0.00,,0
1736345241323.83,batch_05_031_20,none,134.72,finish,0
1736345241428.01,optimizer_step,none,19.79,,0
1736345241458.67,epoch_06_1000,none,5160.88,,0
1736345241458.76,wait_valid_batch,none,0.00,,0
1736345241458.92,batch_06_000_32,none,159.53,finish,0
1736345241458.92,global_batch_06_000_500,none,2581.33,finish,0
1736345241618.50,wait_valid_batch,none,0.00,,0
1736345241618.65,batch_06_001_32,none,162.97,finish,0
1736345241781.67,wait_valid_batch,none,0.00,,0
1736345241781.81,batch_06_002_32,none,163.00,finish,0
1736345241944.87,wait_valid_batch,none,0.00,,0
1736345241945.02,batch_06_003_32,none,162.92,finish,0
1736345242107.99,wait_valid_batch,none,0.00,,0
1736345242108.13,batch_06_004_32,none,162.96,finish,0
1736345242271.15,wait_valid_batch,none,0.01,,0
1736345242271.31,batch_06_005_32,none,163.77,finish,0
1736345242435.18,wait_valid_batch,none,0.01,,0
1736345242435.38,batch_06_006_32,none,163.72,finish,0
1736345242599.17,wait_valid_batch,none,0.00,,0
1736345242599.32,batch_06_007_32,none,163.39,finish,0
1736345242762.77,wait_valid_batch,none,0.00,,0
1736345242762.93,batch_06_008_32,none,163.30,finish,0
1736345242926.28,wait_valid_batch,none,0.00,,0
1736345242926.42,batch_06_009_32,none,162.94,finish,0
1736345243089.42,wait_valid_batch,none,0.00,,0
1736345243089.57,batch_06_010_32,none,163.07,finish,0
1736345243252.69,wait_valid_batch,none,0.00,,0
1736345243252.84,batch_06_011_32,none,162.95,finish,0
1736345243415.85,wait_valid_batch,none,0.00,,0
1736345243416.00,batch_06_012_32,none,163.00,finish,0
1736345243579.05,wait_valid_batch,none,0.00,,0
1736345243579.20,batch_06_013_32,none,162.94,finish,0
1736345243742.19,wait_valid_batch,none,0.00,,0
1736345243742.34,batch_06_014_32,none,162.99,finish,0
1736345243905.37,wait_valid_batch,none,0.00,,0
1736345243905.53,batch_06_015_20,none,134.70,finish,0
1736345244009.70,optimizer_step,none,19.79,,0
1736345244040.29,wait_valid_batch,none,0.00,,0
1736345244040.46,batch_06_016_32,none,159.53,finish,0
1736345244040.47,global_batch_06_016_500,none,2579.04,finish,0
1736345244200.04,wait_valid_batch,none,0.00,,0
1736345244200.19,batch_06_017_32,none,162.98,finish,0
1736345244363.21,wait_valid_batch,none,0.00,,0
1736345244363.36,batch_06_018_32,none,162.95,finish,0
1736345244526.36,wait_valid_batch,none,0.01,,0
1736345244526.50,batch_06_019_32,none,162.95,finish,0
1736345244689.50,wait_valid_batch,none,0.00,,0
1736345244689.65,batch_06_020_32,none,162.90,finish,0
1736345244852.60,wait_valid_batch,none,0.00,,0
1736345244852.75,batch_06_021_32,none,163.00,finish,0
1736345245015.79,wait_valid_batch,none,0.00,,0
1736345245015.94,batch_06_022_32,none,162.95,finish,0
1736345245178.94,wait_valid_batch,none,0.00,,0
1736345245179.09,batch_06_023_32,none,162.98,finish,0
1736345245342.12,wait_valid_batch,none,0.00,,0
1736345245342.27,batch_06_024_32,none,163.02,finish,0
1736345245505.34,wait_valid_batch,none,0.00,,0
1736345245505.49,batch_06_025_32,none,163.03,finish,0
1736345245668.58,wait_valid_batch,none,0.00,,0
1736345245668.73,batch_06_026_32,none,162.99,finish,0
1736345245831.77,wait_valid_batch,none,0.00,,0
1736345245831.91,batch_06_027_32,none,163.04,finish,0
1736345245995.00,wait_valid_batch,none,0.00,,0
1736345245995.15,batch_06_028_32,none,163.00,finish,0
1736345246158.20,wait_valid_batch,none,0.00,,0
1736345246158.35,batch_06_029_32,none,162.99,finish,0
1736345246321.38,wait_valid_batch,none,0.00,,0
1736345246321.53,batch_06_030_32,none,162.93,finish,0
1736345246484.51,wait_valid_batch,none,0.00,,0
1736345246484.67,batch_06_031_20,none,134.82,finish,0
1736345246589.04,optimizer_step,none,19.69,,0
1736345246619.60,epoch_07_1000,none,5162.83,,0
1736345246619.68,wait_valid_batch,none,0.00,,0
1736345246619.83,batch_07_000_32,none,159.70,finish,0
1736345246619.84,global_batch_07_000_500,none,2582.85,finish,0
1736345246779.59,wait_valid_batch,none,0.00,,0
1736345246779.74,batch_07_001_32,none,162.99,finish,0
1736345246942.79,wait_valid_batch,none,0.00,,0
1736345246942.94,batch_07_002_32,none,163.09,finish,0
1736345247106.08,wait_valid_batch,none,0.00,,0
1736345247106.23,batch_07_003_32,none,163.01,finish,0
1736345247269.29,wait_valid_batch,none,0.00,,0
1736345247269.44,batch_07_004_32,none,163.04,finish,0
1736345247432.53,wait_valid_batch,none,0.00,,0
1736345247432.68,batch_07_005_32,none,163.02,finish,0
1736345247595.75,wait_valid_batch,none,0.00,,0
1736345247595.90,batch_07_006_32,none,163.86,finish,0
1736345247759.87,wait_valid_batch,none,0.01,,0
1736345247760.09,batch_07_007_32,none,163.89,finish,0
1736345247924.04,wait_valid_batch,none,0.01,,0
1736345247924.21,batch_07_008_32,none,163.53,finish,0
1736345248087.79,wait_valid_batch,none,0.00,,0
1736345248087.94,batch_07_009_32,none,163.39,finish,0
1736345248251.38,wait_valid_batch,none,0.00,,0
1736345248251.53,batch_07_010_32,none,163.15,finish,0
1736345248414.73,wait_valid_batch,none,0.00,,0
1736345248414.88,batch_07_011_32,none,163.02,finish,0
1736345248577.95,wait_valid_batch,none,0.00,,0
1736345248578.10,batch_07_012_32,none,163.02,finish,0
1736345248741.17,wait_valid_batch,none,0.00,,0
1736345248741.32,batch_07_013_32,none,162.95,finish,0
1736345248904.32,wait_valid_batch,none,0.00,,0
1736345248904.47,batch_07_014_32,none,163.02,finish,0
1736345249067.54,wait_valid_batch,none,0.00,,0
1736345249067.70,batch_07_015_20,none,134.98,finish,0
1736345249172.25,optimizer_step,none,19.82,,0
1736345249202.74,wait_valid_batch,none,0.00,,0
1736345249202.90,batch_07_016_32,none,159.67,finish,0
1736345249202.91,global_batch_07_016_500,none,2579.47,finish,0
1736345249362.62,wait_valid_batch,none,0.00,,0
1736345249362.77,batch_07_017_32,none,163.02,finish,0
1736345249525.84,wait_valid_batch,none,0.00,,0
1736345249526.00,batch_07_018_32,none,162.96,finish,0
1736345249689.01,wait_valid_batch,none,0.00,,0
1736345249689.16,batch_07_019_32,none,162.95,finish,0
1736345249852.16,wait_valid_batch,none,0.00,,0
1736345249852.30,batch_07_020_32,none,162.97,finish,0
1736345250015.33,wait_valid_batch,none,0.00,,0
1736345250015.48,batch_07_021_32,none,163.00,finish,0
1736345250178.52,wait_valid_batch,none,0.00,,0
1736345250178.66,batch_07_022_32,none,162.97,finish,0
1736345250341.69,wait_valid_batch,none,0.00,,0
1736345250341.83,batch_07_023_32,none,163.02,finish,0
1736345250504.91,wait_valid_batch,none,0.00,,0
1736345250505.06,batch_07_024_32,none,162.95,finish,0
1736345250668.06,wait_valid_batch,none,0.00,,0
1736345250668.20,batch_07_025_32,none,163.01,finish,0
1736345250831.26,wait_valid_batch,none,0.00,,0
1736345250831.41,batch_07_026_32,none,162.96,finish,0
1736345250994.42,wait_valid_batch,none,0.00,,0
1736345250994.57,batch_07_027_32,none,162.99,finish,0
1736345251157.61,wait_valid_batch,none,0.00,,0
1736345251157.75,batch_07_028_32,none,162.98,finish,0
1736345251320.80,wait_valid_batch,none,0.00,,0
1736345251320.95,batch_07_029_32,none,163.10,finish,0
1736345251484.09,wait_valid_batch,none,0.00,,0
1736345251484.24,batch_07_030_32,none,163.09,finish,0
1736345251647.38,wait_valid_batch,none,0.00,,0
1736345251647.54,batch_07_031_20,none,134.82,finish,0
1736345251751.78,optimizer_step,none,19.82,,0
1736345251782.48,epoch_08_1000,none,5163.66,,0
1736345251782.55,wait_valid_batch,none,0.00,,0
1736345251782.71,batch_08_000_32,none,159.62,finish,0
1736345251782.72,global_batch_08_000_500,none,2581.91,finish,0
1736345251942.38,wait_valid_batch,none,0.00,,0
1736345251942.53,batch_08_001_32,none,163.03,finish,0
1736345252105.61,wait_valid_batch,none,0.00,,0
1736345252105.76,batch_08_002_32,none,163.00,finish,0
1736345252268.80,wait_valid_batch,none,0.00,,0
1736345252268.95,batch_08_003_32,none,162.99,finish,0
1736345252432.00,wait_valid_batch,none,0.00,,0
1736345252432.15,batch_08_004_32,none,163.00,finish,0
1736345252595.20,wait_valid_batch,none,0.00,,0
1736345252595.35,batch_08_005_32,none,163.07,finish,0
1736345252758.46,wait_valid_batch,none,0.00,,0
1736345252758.61,batch_08_006_32,none,163.04,finish,0
1736345252921.70,wait_valid_batch,none,0.00,,0
1736345252921.85,batch_08_007_32,none,163.08,finish,0
1736345253084.99,wait_valid_batch,none,0.00,,0
1736345253085.14,batch_08_008_32,none,163.57,finish,0
1736345253248.80,wait_valid_batch,none,0.01,,0
1736345253248.99,batch_08_009_32,none,163.47,finish,0
1736345253412.52,wait_valid_batch,none,0.00,,0
1736345253412.68,batch_08_010_32,none,163.40,finish,0
1736345253576.13,wait_valid_batch,none,0.00,,0
1736345253576.28,batch_08_011_32,none,163.30,finish,0
1736345253739.64,wait_valid_batch,none,0.00,,0
1736345253739.78,batch_08_012_32,none,163.34,finish,0
1736345253903.17,wait_valid_batch,none,0.00,,0
1736345253903.31,batch_08_013_32,none,162.98,finish,0
1736345254066.34,wait_valid_batch,none,0.00,,0
1736345254066.49,batch_08_014_32,none,163.03,finish,0
1736345254229.58,wait_valid_batch,none,0.00,,0
1736345254229.74,batch_08_015_20,none,134.87,finish,0
1736345254334.25,optimizer_step,none,19.63,,0
1736345254364.67,wait_valid_batch,none,0.00,,0
1736345254364.84,batch_08_016_32,none,159.70,finish,0
1736345254364.84,global_batch_08_016_500,none,2581.24,finish,0
1736345254524.59,wait_valid_batch,none,0.00,,0
1736345254524.74,batch_08_017_32,none,163.54,finish,0
1736345254688.32,wait_valid_batch,none,0.23,,0
1736345254688.71,batch_08_018_32,none,163.04,finish,0
1736345254851.80,wait_valid_batch,none,0.00,,0
1736345254851.95,batch_08_019_32,none,163.00,finish,0
1736345255015.00,wait_valid_batch,none,0.00,,0
1736345255015.14,batch_08_020_32,none,162.99,finish,0
1736345255178.18,wait_valid_batch,none,0.00,,0
1736345255178.32,batch_08_021_32,none,163.03,finish,0
1736345255341.40,wait_valid_batch,none,0.00,,0
1736345255341.55,batch_08_022_32,none,163.01,finish,0
1736345255504.60,wait_valid_batch,none,0.00,,0
1736345255504.75,batch_08_023_32,none,163.01,finish,0
1736345255667.82,wait_valid_batch,none,0.00,,0
1736345255667.97,batch_08_024_32,none,162.97,finish,0
1736345255831.00,wait_valid_batch,none,0.00,,0
1736345255831.15,batch_08_025_32,none,162.97,finish,0
1736345255994.18,wait_valid_batch,none,0.00,,0
1736345255994.32,batch_08_026_32,none,163.01,finish,0
1736345256157.40,wait_valid_batch,none,0.00,,0
1736345256157.55,batch_08_027_32,none,163.29,finish,0
1736345256320.89,wait_valid_batch,none,0.00,,0
1736345256321.05,batch_08_028_32,none,163.20,finish,0
1736345256484.30,wait_valid_batch,none,0.00,,0
1736345256484.45,batch_08_029_32,none,163.22,finish,0
1736345256647.72,wait_valid_batch,none,0.00,,0
1736345256647.86,batch_08_030_32,none,163.16,finish,0
1736345256811.07,wait_valid_batch,none,0.00,,0
1736345256811.23,batch_08_031_20,none,134.84,finish,0
1736345256915.64,optimizer_step,none,19.71,,0
1736345256946.18,epoch_09_1000,none,5160.66,,0
1736345256946.25,wait_valid_batch,none,0.00,,0
1736345256946.41,batch_09_000_32,none,159.60,finish,0
1736345256946.42,global_batch_09_000_500,none,2579.40,finish,0
1736345257106.06,wait_valid_batch,none,0.00,,0
1736345257106.21,batch_09_001_32,none,162.97,finish,0
1736345257269.23,wait_valid_batch,none,0.00,,0
1736345257269.37,batch_09_002_32,none,163.03,finish,0
1736345257432.45,wait_valid_batch,none,0.00,,0
1736345257432.60,batch_09_003_32,none,162.90,finish,0
1736345257595.55,wait_valid_batch,none,0.00,,0
1736345257595.69,batch_09_004_32,none,163.04,finish,0
1736345257758.78,wait_valid_batch,none,0.00,,0
1736345257758.93,batch_09_005_32,none,163.01,finish,0
1736345257921.99,wait_valid_batch,none,0.00,,0
1736345257922.14,batch_09_006_32,none,162.99,finish,0
1736345258085.18,wait_valid_batch,none,0.00,,0
1736345258085.33,batch_09_007_32,none,162.97,finish,0
1736345258248.35,wait_valid_batch,none,0.00,,0
1736345258248.49,batch_09_008_32,none,163.05,finish,0
1736345258411.59,wait_valid_batch,none,0.00,,0
1736345258411.74,batch_09_009_32,none,163.00,finish,0
1736345258574.79,wait_valid_batch,none,0.00,,0
1736345258574.93,batch_09_010_32,none,163.08,finish,0
1736345258738.06,wait_valid_batch,none,0.00,,0
1736345258738.21,batch_09_011_32,none,163.01,finish,0
1736345258901.26,wait_valid_batch,none,0.00,,0
1736345258901.41,batch_09_012_32,none,163.03,finish,0
1736345259064.50,wait_valid_batch,none,0.00,,0
1736345259064.64,batch_09_013_32,none,163.05,finish,0
1736345259227.74,wait_valid_batch,none,0.00,,0
1736345259227.88,batch_09_014_32,none,163.09,finish,0
1736345259391.02,wait_valid_batch,none,0.00,,0
1736345259391.18,batch_09_015_20,none,134.62,finish,0
1736345259495.31,optimizer_step,none,19.71,,0
1736345259525.85,wait_valid_batch,none,0.00,,0
1736345259526.03,batch_09_016_32,none,159.69,finish,0
1736345259526.03,global_batch_09_016_500,none,2580.74,finish,0
1736345259685.76,wait_valid_batch,none,0.00,,0
1736345259685.92,batch_09_017_32,none,163.05,finish,0
1736345259849.02,wait_valid_batch,none,0.00,,0
1736345259849.17,batch_09_018_32,none,162.97,finish,0
1736345260012.18,wait_valid_batch,none,0.00,,0
1736345260012.33,batch_09_019_32,none,162.98,finish,0
1736345260175.36,wait_valid_batch,none,0.00,,0
1736345260175.50,batch_09_020_32,none,163.34,finish,0
1736345260338.96,wait_valid_batch,none,0.02,,0
1736345260339.16,batch_09_021_32,none,163.40,finish,0
1736345260502.61,wait_valid_batch,none,0.00,,0
1736345260502.75,batch_09_022_32,none,163.03,finish,0
1736345260665.83,wait_valid_batch,none,0.00,,0
1736345260665.98,batch_09_023_32,none,163.29,finish,0
1736345260829.33,wait_valid_batch,none,0.00,,0
1736345260829.48,batch_09_024_32,none,163.05,finish,0
1736345260992.58,wait_valid_batch,none,0.00,,0
1736345260992.73,batch_09_025_32,none,163.06,finish,0
1736345261155.84,wait_valid_batch,none,0.00,,0
1736345261155.99,batch_09_026_32,none,162.91,finish,0
1736345261318.95,wait_valid_batch,none,0.00,,0
1736345261319.10,batch_09_027_32,none,163.07,finish,0
1736345261482.23,wait_valid_batch,none,0.00,,0
1736345261482.38,batch_09_028_32,none,163.01,finish,0
1736345261645.44,wait_valid_batch,none,0.00,,0
1736345261645.58,batch_09_029_32,none,162.99,finish,0
1736345261808.62,wait_valid_batch,none,0.00,,0
1736345261808.77,batch_09_030_32,none,163.01,finish,0
1736345261971.83,wait_valid_batch,none,0.00,,0
1736345261971.99,batch_09_031_20,none,134.77,finish,0
1736345262076.23,optimizer_step,none,19.79,,0
1736345262106.89,epoch_10_1000,none,5163.83,,0
1736345262107.00,wait_valid_batch,none,0.00,,0
1736345262107.16,batch_10_000_32,none,159.73,finish,0
1736345262107.16,global_batch_10_000_500,none,2581.50,finish,0
1736345262266.94,wait_valid_batch,none,0.00,,0
1736345262267.10,batch_10_001_32,none,163.12,finish,0
1736345262430.29,wait_valid_batch,none,0.00,,0
1736345262430.44,batch_10_002_32,none,163.20,finish,0
1736345262593.70,wait_valid_batch,none,0.00,,0
1736345262593.84,batch_10_003_32,none,163.17,finish,0
1736345262757.07,wait_valid_batch,none,0.00,,0
1736345262757.21,batch_10_004_32,none,163.22,finish,0
1736345262920.49,wait_valid_batch,none,0.00,,0
1736345262920.64,batch_10_005_32,none,163.17,finish,0
1736345263083.86,wait_valid_batch,none,0.00,,0
1736345263084.01,batch_10_006_32,none,163.14,finish,0
1736345263247.20,wait_valid_batch,none,0.00,,0
1736345263247.35,batch_10_007_32,none,163.09,finish,0
1736345263410.49,wait_valid_batch,none,0.00,,0
1736345263410.64,batch_10_008_32,none,163.10,finish,0
1736345263573.79,wait_valid_batch,none,0.00,,0
1736345263573.93,batch_10_009_32,none,163.00,finish,0
1736345263737.00,wait_valid_batch,none,0.00,,0
1736345263737.14,batch_10_010_32,none,163.04,finish,0
1736345263900.24,wait_valid_batch,none,0.00,,0
1736345263900.38,batch_10_011_32,none,163.02,finish,0
1736345264063.45,wait_valid_batch,none,0.00,,0
1736345264063.60,batch_10_012_32,none,163.09,finish,0
1736345264226.75,wait_valid_batch,none,0.00,,0
1736345264226.89,batch_10_013_32,none,163.08,finish,0
1736345264390.03,wait_valid_batch,none,0.00,,0
1736345264390.18,batch_10_014_32,none,163.26,finish,0
1736345264553.53,wait_valid_batch,none,0.01,,0
1736345264553.70,batch_10_015_20,none,134.94,finish,0
1736345264658.14,optimizer_step,none,19.72,,0
1736345264688.71,wait_valid_batch,none,0.00,,0
1736345264688.88,batch_10_016_32,none,159.72,finish,0
1736345264688.88,global_batch_10_016_500,none,2581.78,finish,0
1736345264848.65,wait_valid_batch,none,0.00,,0
1736345264848.80,batch_10_017_32,none,163.10,finish,0
1736345265011.95,wait_valid_batch,none,0.00,,0
1736345265012.10,batch_10_018_32,none,163.06,finish,0
1736345265175.22,wait_valid_batch,none,0.00,,0
1736345265175.36,batch_10_019_32,none,163.04,finish,0
1736345265338.45,wait_valid_batch,none,0.00,,0
1736345265338.60,batch_10_020_32,none,163.09,finish,0
1736345265501.73,wait_valid_batch,none,0.00,,0
1736345265501.88,batch_10_021_32,none,163.11,finish,0
1736345265665.04,wait_valid_batch,none,0.00,,0
1736345265665.19,batch_10_022_32,none,163.05,finish,0
1736345265828.28,wait_valid_batch,none,0.00,,0
1736345265828.43,batch_10_023_32,none,163.07,finish,0
1736345265991.55,wait_valid_batch,none,0.00,,0
1736345265991.70,batch_10_024_32,none,163.07,finish,0
1736345266154.82,wait_valid_batch,none,0.00,,0
1736345266154.98,batch_10_025_32,none,163.09,finish,0
1736345266318.11,wait_valid_batch,none,0.00,,0
1736345266318.26,batch_10_026_32,none,163.15,finish,0
1736345266481.46,wait_valid_batch,none,0.00,,0
1736345266481.61,batch_10_027_32,none,163.18,finish,0
1736345266644.83,wait_valid_batch,none,0.00,,0
1736345266644.99,batch_10_028_32,none,163.30,finish,0
1736345266808.34,wait_valid_batch,none,0.00,,0
1736345266808.49,batch_10_029_32,none,163.32,finish,0
1736345266971.86,wait_valid_batch,none,0.00,,0
1736345266972.01,batch_10_030_32,none,163.28,finish,0
1736345267135.35,wait_valid_batch,none,0.00,,0
1736345267135.51,batch_10_031_20,none,135.13,finish,0
1736345267240.08,optimizer_step,none,19.79,,0
1736345267270.77,epoch_11_1000,none,5164.14,,0
1736345267270.86,wait_valid_batch,none,0.05,,0
1736345267271.09,batch_11_000_32,none,159.93,finish,0
1736345267271.09,global_batch_11_000_500,none,2581.64,finish,0
1736345267431.07,wait_valid_batch,none,0.00,,0
1736345267431.22,batch_11_001_32,none,163.09,finish,0
1736345267594.35,wait_valid_batch,none,0.00,,0
1736345267594.50,batch_11_002_32,none,163.12,finish,0
1736345267757.67,wait_valid_batch,none,0.00,,0
1736345267757.81,batch_11_003_32,none,163.08,finish,0
1736345267920.94,wait_valid_batch,none,0.00,,0
1736345267921.09,batch_11_004_32,none,163.11,finish,0
1736345268084.25,wait_valid_batch,none,0.00,,0
1736345268084.40,batch_11_005_32,none,163.12,finish,0
1736345268247.58,wait_valid_batch,none,0.00,,0
1736345268247.73,batch_11_006_32,none,163.10,finish,0
1736345268410.88,wait_valid_batch,none,0.00,,0
1736345268411.03,batch_11_007_32,none,163.09,finish,0
1736345268574.17,wait_valid_batch,none,0.00,,0
1736345268574.32,batch_11_008_32,none,163.08,finish,0
1736345268737.44,wait_valid_batch,none,0.00,,0
1736345268737.59,batch_11_009_32,none,163.14,finish,0
1736345268900.78,wait_valid_batch,none,0.00,,0
1736345268900.93,batch_11_010_32,none,163.16,finish,0
1736345269064.14,wait_valid_batch,none,0.00,,0
1736345269064.28,batch_11_011_32,none,163.19,finish,0
1736345269227.53,wait_valid_batch,none,0.00,,0
1736345269227.68,batch_11_012_32,none,163.16,finish,0
1736345269390.89,wait_valid_batch,none,0.00,,0
1736345269391.04,batch_11_013_32,none,163.11,finish,0
1736345269554.20,wait_valid_batch,none,0.00,,0
1736345269554.35,batch_11_014_32,none,163.28,finish,0
1736345269717.68,wait_valid_batch,none,0.00,,0
1736345269717.84,batch_11_015_20,none,134.88,finish,0
1736345269822.21,optimizer_step,none,19.75,,0
1736345269852.78,wait_valid_batch,none,0.00,,0
1736345269852.94,batch_11_016_32,none,159.99,finish,0
1736345269852.95,global_batch_11_016_500,none,2581.91,finish,0
1736345270013.00,wait_valid_batch,none,0.00,,0
1736345270013.15,batch_11_017_32,none,163.17,finish,0
1736345270176.37,wait_valid_batch,none,0.00,,0
1736345270176.52,batch_11_018_32,none,163.14,finish,0
1736345270339.71,wait_valid_batch,none,0.00,,0
1736345270339.85,batch_11_019_32,none,163.17,finish,0
1736345270503.08,wait_valid_batch,none,0.00,,0
1736345270503.23,batch_11_020_32,none,163.10,finish,0
1736345270666.38,wait_valid_batch,none,0.00,,0
1736345270666.53,batch_11_021_32,none,163.17,finish,0
1736345270829.75,wait_valid_batch,none,0.00,,0
1736345270829.90,batch_11_022_32,none,163.15,finish,0
1736345270993.10,wait_valid_batch,none,0.00,,0
1736345270993.25,batch_11_023_32,none,163.16,finish,0
1736345271156.46,wait_valid_batch,none,0.00,,0
1736345271156.60,batch_11_024_32,none,163.18,finish,0
1736345271319.84,wait_valid_batch,none,0.00,,0
1736345271319.99,batch_11_025_32,none,163.12,finish,0
1736345271483.16,wait_valid_batch,none,0.00,,0
1736345271483.31,batch_11_026_32,none,163.10,finish,0
1736345271646.45,wait_valid_batch,none,0.00,,0
1736345271646.60,batch_11_027_32,none,163.13,finish,0
1736345271809.79,wait_valid_batch,none,0.00,,0
1736345271809.93,batch_11_028_32,none,163.04,finish,0
1736345271973.02,wait_valid_batch,none,0.00,,0
1736345271973.17,batch_11_029_32,none,163.10,finish,0
1736345272136.32,wait_valid_batch,none,0.00,,0
1736345272136.47,batch_11_030_32,none,163.04,finish,0
1736345272299.56,wait_valid_batch,none,0.00,,0
1736345272299.72,batch_11_031_20,none,135.12,finish,0
1736345272404.86,optimizer_step,none,19.28,,0
1736345272434.96,epoch_12_1000,none,5169.36,,0
1736345272435.04,wait_valid_batch,none,0.00,,0
1736345272435.21,batch_12_000_32,none,160.24,finish,0
1736345272435.21,global_batch_12_000_500,none,2584.69,finish,0
1736345272595.51,wait_valid_batch,none,0.00,,0
1736345272595.66,batch_12_001_32,none,163.40,finish,0
1736345272759.12,wait_valid_batch,none,0.00,,0
1736345272759.27,batch_12_002_32,none,163.47,finish,0
1736345272922.80,wait_valid_batch,none,0.00,,0
1736345272922.95,batch_12_003_32,none,163.45,finish,0
1736345273086.45,wait_valid_batch,none,0.00,,0
1736345273086.60,batch_12_004_32,none,163.47,finish,0
1736345273250.13,wait_valid_batch,none,0.00,,0
1736345273250.28,batch_12_005_32,none,163.40,finish,0
1736345273413.73,wait_valid_batch,none,0.00,,0
1736345273413.88,batch_12_006_32,none,163.34,finish,0
1736345273577.27,wait_valid_batch,none,0.00,,0
1736345273577.41,batch_12_007_32,none,163.19,finish,0
1736345273740.65,wait_valid_batch,none,0.00,,0
1736345273740.80,batch_12_008_32,none,163.25,finish,0
1736345273904.09,wait_valid_batch,none,0.01,,0
1736345273904.24,batch_12_009_32,none,163.21,finish,0
1736345274067.51,wait_valid_batch,none,0.00,,0
1736345274067.66,batch_12_010_32,none,163.26,finish,0
1736345274230.98,wait_valid_batch,none,0.00,,0
1736345274231.13,batch_12_011_32,none,163.17,finish,0
1736345274394.35,wait_valid_batch,none,0.00,,0
1736345274394.50,batch_12_012_32,none,163.22,finish,0
1736345274557.78,wait_valid_batch,none,0.00,,0
1736345274557.92,batch_12_013_32,none,163.18,finish,0
1736345274721.15,wait_valid_batch,none,0.00,,0
1736345274721.29,batch_12_014_32,none,163.28,finish,0
1736345274884.62,wait_valid_batch,none,0.23,,0
1736345274885.02,batch_12_015_20,none,134.86,finish,0
1736345274989.47,optimizer_step,none,19.67,,0
1736345275019.95,wait_valid_batch,none,0.00,,0
1736345275020.12,batch_12_016_32,none,159.85,finish,0
1736345275020.12,global_batch_12_016_500,none,2584.14,finish,0
1736345275180.02,wait_valid_batch,none,0.00,,0
1736345275180.17,batch_12_017_32,none,163.63,finish,0
1736345275343.85,wait_valid_batch,none,0.00,,0
1736345275344.00,batch_12_018_32,none,163.19,finish,0
1736345275507.24,wait_valid_batch,none,0.00,,0
1736345275507.39,batch_12_019_32,none,163.17,finish,0
1736345275670.61,wait_valid_batch,none,0.00,,0
1736345275670.76,batch_12_020_32,none,163.21,finish,0
1736345275834.03,wait_valid_batch,none,0.00,,0
1736345275834.17,batch_12_021_32,none,163.18,finish,0
1736345275997.40,wait_valid_batch,none,0.00,,0
1736345275997.55,batch_12_022_32,none,163.15,finish,0
1736345276160.75,wait_valid_batch,none,0.00,,0
1736345276160.90,batch_12_023_32,none,163.23,finish,0
1736345276324.18,wait_valid_batch,none,0.00,,0
1736345276324.33,batch_12_024_32,none,163.18,finish,0
1736345276487.55,wait_valid_batch,none,0.00,,0
1736345276487.70,batch_12_025_32,none,163.15,finish,0
1736345276650.90,wait_valid_batch,none,0.01,,0
1736345276651.06,batch_12_026_32,none,163.34,finish,0
1736345276814.46,wait_valid_batch,none,0.00,,0
1736345276814.60,batch_12_027_32,none,163.31,finish,0
1736345276977.98,wait_valid_batch,none,0.00,,0
1736345276978.12,batch_12_028_32,none,163.24,finish,0
1736345277141.42,wait_valid_batch,none,0.00,,0
1736345277141.57,batch_12_029_32,none,163.35,finish,0
1736345277304.98,wait_valid_batch,none,0.00,,0
1736345277305.13,batch_12_030_32,none,163.39,finish,0
1736345277468.57,wait_valid_batch,none,0.00,,0
1736345277468.73,batch_12_031_20,none,135.51,finish,0
1736345277573.88,optimizer_step,none,19.70,,0
1736345277604.36,epoch_13_1000,none,5260.19,,0
1736345277604.45,wait_valid_batch,none,0.00,,0
1736345277604.61,batch_13_000_32,none,160.22,finish,0
1736345277604.61,global_batch_13_000_500,none,2583.01,finish,0
1736345277764.87,wait_valid_batch,none,0.00,,0
1736345277765.03,batch_13_001_32,none,163.24,finish,0
1736345277928.32,wait_valid_batch,none,0.00,,0
1736345277928.47,batch_13_002_32,none,163.30,finish,0
1736345278091.81,wait_valid_batch,none,0.00,,0
1736345278091.97,batch_13_003_32,none,163.22,finish,0
1736345278255.24,wait_valid_batch,none,0.00,,0
1736345278255.39,batch_13_004_32,none,163.14,finish,0
1736345278418.57,wait_valid_batch,none,0.00,,0
1736345278418.73,batch_13_005_32,none,163.21,finish,0
1736345278581.99,wait_valid_batch,none,0.00,,0
1736345278582.14,batch_13_006_32,none,163.13,finish,0
1736345278745.32,wait_valid_batch,none,0.00,,0
1736345278745.47,batch_13_007_32,none,163.15,finish,0
1736345278908.67,wait_valid_batch,none,0.00,,0
1736345278908.81,batch_13_008_32,none,163.20,finish,0
1736345279072.06,wait_valid_batch,none,0.00,,0
1736345279072.21,batch_13_009_32,none,163.15,finish,0
1736345279235.41,wait_valid_batch,none,0.00,,0
1736345279235.55,batch_13_010_32,none,163.17,finish,0
1736345279398.77,wait_valid_batch,none,0.00,,0
1736345279398.92,batch_13_011_32,none,163.21,finish,0
1736345279562.17,wait_valid_batch,none,0.00,,0
1736345279562.32,batch_13_012_32,none,163.25,finish,0
1736345279725.63,wait_valid_batch,none,0.00,,0
1736345279725.77,batch_13_013_32,none,163.20,finish,0
1736345279889.02,wait_valid_batch,none,0.00,,0
1736345279889.17,batch_13_014_32,none,163.25,finish,0
1736345280052.47,wait_valid_batch,none,0.00,,0
1736345280052.63,batch_13_015_20,none,134.97,finish,0
1736345280157.20,optimizer_step,none,19.69,,0
1736345280187.67,wait_valid_batch,none,0.00,,0
1736345280187.84,batch_13_016_32,none,159.94,finish,0
1736345280187.84,global_batch_13_016_500,none,2676.65,finish,0
1736345280347.84,wait_valid_batch,none,0.00,,0
1736345280347.99,batch_13_017_32,none,163.23,finish,0
1736345280511.28,wait_valid_batch,none,0.00,,0
1736345280511.43,batch_13_018_32,none,163.20,finish,0
1736345280674.69,wait_valid_batch,none,0.00,,0
1736345280674.83,batch_13_019_32,none,163.20,finish,0
1736345280838.09,wait_valid_batch,none,0.00,,0
1736345280838.24,batch_13_020_32,none,163.14,finish,0
1736345281001.43,wait_valid_batch,none,0.00,,0
1736345281001.58,batch_13_021_32,none,163.17,finish,0
1736345281164.80,wait_valid_batch,none,0.00,,0
1736345281164.95,batch_13_022_32,none,163.13,finish,0
1736345281328.13,wait_valid_batch,none,0.00,,0
1736345281328.27,batch_13_023_32,none,163.20,finish,0
1736345281491.52,wait_valid_batch,none,0.00,,0
1736345281491.67,batch_13_024_32,none,163.18,finish,0
1736345281654.89,wait_valid_batch,none,0.00,,0
1736345281655.05,batch_13_025_32,none,163.18,finish,0
1736345281818.28,wait_valid_batch,none,0.00,,0
1736345281818.43,batch_13_026_32,none,163.15,finish,0
1736345281981.63,wait_valid_batch,none,0.00,,0
1736345281981.78,batch_13_027_32,none,163.17,finish,0
1736345282145.00,wait_valid_batch,none,0.00,,0
1736345282145.15,batch_13_028_32,none,163.12,finish,0
1736345282308.32,wait_valid_batch,none,0.00,,0
1736345282308.47,batch_13_029_32,none,163.22,finish,0
1736345282471.74,wait_valid_batch,none,0.00,,0
1736345282471.89,batch_13_030_32,none,163.12,finish,0
1736345282635.06,wait_valid_batch,none,0.00,,0
1736345282635.21,batch_13_031_20,none,229.25,finish,0
1736345282739.46,optimizer_step,none,118.29,,0
1736345282864.60,epoch_14_1000,none,5174.92,,0
1736345282864.70,wait_valid_batch,none,0.01,,0
1736345282864.92,batch_14_000_32,none,160.97,finish,0
1736345282864.92,global_batch_14_000_500,none,2589.40,finish,0
1736345283025.95,wait_valid_batch,none,0.01,,0
1736345283026.12,batch_14_001_32,none,163.56,finish,0
1736345283189.73,wait_valid_batch,none,0.25,,0
1736345283190.14,batch_14_002_32,none,164.40,finish,0
1736345283354.65,wait_valid_batch,none,0.01,,0
1736345283354.86,batch_14_003_32,none,163.92,finish,0
1736345283518.84,wait_valid_batch,none,0.01,,0
1736345283519.01,batch_14_004_32,none,163.58,finish,0
1736345283682.65,wait_valid_batch,none,0.00,,0
1736345283682.80,batch_14_005_32,none,163.53,finish,0
1736345283846.38,wait_valid_batch,none,0.00,,0
1736345283846.53,batch_14_006_32,none,163.53,finish,0
1736345284010.10,wait_valid_batch,none,0.00,,0
1736345284010.25,batch_14_007_32,none,163.48,finish,0
1736345284173.78,wait_valid_batch,none,0.00,,0
1736345284173.93,batch_14_008_32,none,163.87,finish,0
1736345284337.85,wait_valid_batch,none,0.00,,0
1736345284338.00,batch_14_009_32,none,163.56,finish,0
1736345284501.61,wait_valid_batch,none,0.00,,0
1736345284501.76,batch_14_010_32,none,163.53,finish,0
1736345284665.34,wait_valid_batch,none,0.00,,0
1736345284665.49,batch_14_011_32,none,163.27,finish,0
1736345284828.81,wait_valid_batch,none,0.00,,0
1736345284828.96,batch_14_012_32,none,163.22,finish,0
1736345284992.23,wait_valid_batch,none,0.00,,0
1736345284992.38,batch_14_013_32,none,163.13,finish,0
1736345285155.56,wait_valid_batch,none,0.00,,0
1736345285155.71,batch_14_014_32,none,163.25,finish,0
1736345285319.01,wait_valid_batch,none,0.00,,0
1736345285319.17,batch_14_015_20,none,135.13,finish,0
1736345285423.76,optimizer_step,none,19.80,,0
1736345285454.36,wait_valid_batch,none,0.00,,0
1736345285454.53,batch_14_016_32,none,160.05,finish,0
1736345285454.53,global_batch_14_016_500,none,2584.93,finish,0
1736345285614.63,wait_valid_batch,none,0.00,,0
1736345285614.78,batch_14_017_32,none,163.29,finish,0
1736345285778.12,wait_valid_batch,none,0.00,,0
1736345285778.26,batch_14_018_32,none,163.29,finish,0
1736345285941.60,wait_valid_batch,none,0.00,,0
1736345285941.75,batch_14_019_32,none,163.28,finish,0
1736345286105.07,wait_valid_batch,none,0.00,,0
1736345286105.22,batch_14_020_32,none,163.21,finish,0
1736345286268.47,wait_valid_batch,none,0.00,,0
1736345286268.62,batch_14_021_32,none,163.40,finish,0
1736345286432.07,wait_valid_batch,none,0.00,,0
1736345286432.22,batch_14_022_32,none,163.34,finish,0
1736345286595.61,wait_valid_batch,none,0.00,,0
1736345286595.76,batch_14_023_32,none,163.27,finish,0
1736345286759.07,wait_valid_batch,none,0.00,,0
1736345286759.22,batch_14_024_32,none,163.47,finish,0
1736345286922.75,wait_valid_batch,none,0.00,,0
1736345286922.90,batch_14_025_32,none,163.46,finish,0
1736345287086.41,wait_valid_batch,none,0.00,,0
1736345287086.56,batch_14_026_32,none,163.36,finish,0
1736345287249.97,wait_valid_batch,none,0.00,,0
1736345287250.12,batch_14_027_32,none,163.40,finish,0
1736345287413.56,wait_valid_batch,none,0.00,,0
1736345287413.71,batch_14_028_32,none,163.35,finish,0
1736345287577.10,wait_valid_batch,none,0.00,,0
1736345287577.25,batch_14_029_32,none,163.40,finish,0
1736345287740.69,wait_valid_batch,none,0.00,,0
1736345287740.84,batch_14_030_32,none,163.30,finish,0
1736345287904.19,wait_valid_batch,none,0.00,,0
1736345287904.34,batch_14_031_20,none,135.11,finish,0
1736345288009.10,optimizer_step,none,19.59,,0

